{"RuleTriggered": 0, "Violations": 0, "Details": {"pin_memory": false, "num_workers": 0, "cores": 4, "dataloaders": 1, "dataloading_time": {"p25": 0.55023, "p50": 0.709537, "p95": 11.1654, "probs": [2, 1, 2, 2, 2, 0, 0, 0, 0, 0, 0, 0, 0, 0, 0, 0, 0, 0, 0, 0, 0, 0, 0, 0, 0, 0, 0, 0, 0, 0, 0, 0, 0, 0, 0, 0, 0, 0, 0, 0, 0, 0, 0, 0, 0, 0, 0, 0, 0, 0, 0, 0, 0, 0, 0, 0, 0, 0, 0, 0, 0, 0, 0, 0, 0, 0, 0, 0, 0, 0, 0, 0, 0, 0, 0, 0, 0, 0, 0, 0, 0, 0, 0, 0, 0, 0, 0, 0, 0, 0, 0, 0, 0, 0, 0, 0, 0, 0, 0, 2], "binedges": [0.343629, 0.45184671, 0.56006442, 0.6682821299999999, 0.77649984, 0.88471755, 0.9929352599999999, 1.10115297, 1.20937068, 1.31758839, 1.4258061, 1.5340238099999999, 1.6422415199999998, 1.75045923, 1.8586769399999998, 1.96689465, 2.07511236, 2.18333007, 2.29154778, 2.39976549, 2.5079832, 2.61620091, 2.72441862, 2.8326363299999997, 2.9408540399999996, 3.04907175, 3.15728946, 3.26550717, 3.3737248799999997, 3.4819425899999996, 3.5901603, 3.69837801, 3.80659572, 3.9148134299999997, 4.02303114, 4.13124885, 4.23946656, 4.347684269999999, 4.45590198, 4.56411969, 4.6723374, 4.78055511, 4.88877282, 4.99699053, 5.10520824, 5.2134259499999995, 5.321643659999999, 5.429861369999999, 5.538079079999999, 5.64629679, 5.7545145, 5.86273221, 5.97094992, 6.07916763, 6.18738534, 6.2956030499999995, 6.4038207599999994, 6.512038469999999, 6.620256179999999, 6.72847389, 6.8366916, 6.94490931, 7.05312702, 7.16134473, 7.26956244, 7.3777801499999995, 7.4859978599999994, 7.594215569999999, 7.702433279999999, 7.810650989999999, 7.9188687, 8.02708641, 8.13530412, 8.24352183, 8.351739539999999, 8.45995725, 8.56817496, 8.67639267, 8.78461038, 8.89282809, 9.0010458, 9.10926351, 9.21748122, 9.32569893, 9.43391664, 9.54213435, 9.65035206, 9.75856977, 9.86678748, 9.97500519, 10.083222899999999, 10.191440609999999, 10.299658319999999, 10.407876029999999, 10.516093739999999, 10.624311449999999, 10.732529159999999, 10.84074687, 10.94896458, 11.05718229, 11.1654]}}, "Datapoints": 11, "RuleParameters": "min_threshold:70\nmax_threshold:200"}