{"RuleTriggered": 0, "Violations": 349, "Details": {"low_gpu_utilization": 1789, "bottlenecks": {"1642396574.844625": {"GPUs": 1, "CPUs": 2}, "1642396580.844733": {"GPUs": 1, "CPUs": 1}, "1642396581.844538": {"GPUs": 1, "CPUs": 1}, "1642396582.345747": {"GPUs": 1, "CPUs": 1}, "1642396582.844575": {"GPUs": 1, "CPUs": 1}, "1642396583.344957": {"GPUs": 1, "CPUs": 2}, "1642396584.344544": {"GPUs": 1, "CPUs": 1}, "1642396584.844628": {"GPUs": 1, "CPUs": 1}, "1642396585.844577": {"GPUs": 1, "CPUs": 2}, "1642396586.344568": {"GPUs": 1, "CPUs": 1}, "1642396586.844553": {"GPUs": 1, "CPUs": 1}, "1642396587.34456": {"GPUs": 1, "CPUs": 1}, "1642396587.844895": {"GPUs": 1, "CPUs": 2}, "1642396588.34472": {"GPUs": 1, "CPUs": 1}, "1642396588.844572": {"GPUs": 1, "CPUs": 2}, "1642396589.344579": {"GPUs": 1, "CPUs": 2}, "1642396590.344823": {"GPUs": 1, "CPUs": 1}, "1642396590.844578": {"GPUs": 1, "CPUs": 2}, "1642396591.344583": {"GPUs": 1, "CPUs": 2}, "1642396591.844585": {"GPUs": 1, "CPUs": 2}, "1642396592.344592": {"GPUs": 1, "CPUs": 2}, "1642396592.844568": {"GPUs": 1, "CPUs": 2}, "1642396593.84457": {"GPUs": 1, "CPUs": 1}, "1642396594.345185": {"GPUs": 1, "CPUs": 1}, "1642396594.844562": {"GPUs": 1, "CPUs": 2}, "1642396595.344549": {"GPUs": 1, "CPUs": 1}, "1642396595.844606": {"GPUs": 1, "CPUs": 1}, "1642396596.344577": {"GPUs": 1, "CPUs": 1}, "1642396596.844583": {"GPUs": 1, "CPUs": 2}, "1642396597.344563": {"GPUs": 1, "CPUs": 2}, "1642396597.844566": {"GPUs": 1, "CPUs": 1}, "1642396598.844581": {"GPUs": 1, "CPUs": 2}, "1642396599.344566": {"GPUs": 1, "CPUs": 1}, "1642396599.844543": {"GPUs": 1, "CPUs": 1}, "1642396600.844561": {"GPUs": 1, "CPUs": 1}, "1642396601.344555": {"GPUs": 1, "CPUs": 1}, "1642396601.844551": {"GPUs": 1, "CPUs": 2}, "1642396602.344564": {"GPUs": 1, "CPUs": 1}, "1642396602.84455": {"GPUs": 1, "CPUs": 1}, "1642396603.34461": {"GPUs": 1, "CPUs": 1}, "1642396603.844573": {"GPUs": 1, "CPUs": 1}, "1642396604.344801": {"GPUs": 1, "CPUs": 1}, "1642396604.8446": {"GPUs": 1, "CPUs": 2}, "1642396605.344575": {"GPUs": 1, "CPUs": 1}, "1642396605.844577": {"GPUs": 1, "CPUs": 1}, "1642396606.344553": {"GPUs": 1, "CPUs": 1}, "1642396612.344582": {"GPUs": 1, "CPUs": 1}, "1642396612.84463": {"GPUs": 1, "CPUs": 1}, "1642396613.344612": {"GPUs": 1, "CPUs": 1}, "1642396613.844616": {"GPUs": 1, "CPUs": 1}, "1642396614.344575": {"GPUs": 1, "CPUs": 2}, "1642396614.844557": {"GPUs": 1, "CPUs": 1}, "1642396615.84457": {"GPUs": 1, "CPUs": 2}, "1642396616.844553": {"GPUs": 1, "CPUs": 1}, "1642396617.344563": {"GPUs": 1, "CPUs": 1}, "1642396617.844621": {"GPUs": 1, "CPUs": 2}, "1642396618.344562": {"GPUs": 1, "CPUs": 2}, "1642396618.844576": {"GPUs": 1, "CPUs": 1}, "1642396619.344563": {"GPUs": 1, "CPUs": 1}, "1642396619.844553": {"GPUs": 1, "CPUs": 1}, "1642396620.344637": {"GPUs": 1, "CPUs": 1}, "1642396620.844564": {"GPUs": 1, "CPUs": 1}, "1642396621.344574": {"GPUs": 1, "CPUs": 2}, "1642396621.844543": {"GPUs": 1, "CPUs": 1}, "1642396622.344582": {"GPUs": 1, "CPUs": 4}, "1642396628.344547": {"GPUs": 1, "CPUs": 1}, "1642396655.344591": {"GPUs": 1, "CPUs": 2}, "1642396655.844537": {"GPUs": 1, "CPUs": 1}, "1642396656.844587": {"GPUs": 1, "CPUs": 2}, "1642396657.345213": {"GPUs": 1, "CPUs": 2}, "1642396657.844543": {"GPUs": 1, "CPUs": 1}, "1642396658.344572": {"GPUs": 1, "CPUs": 1}, "1642396658.844527": {"GPUs": 1, "CPUs": 1}, "1642396659.344625": {"GPUs": 1, "CPUs": 2}, "1642396659.844511": {"GPUs": 1, "CPUs": 1}, "1642396660.344575": {"GPUs": 1, "CPUs": 1}, "1642396660.845292": {"GPUs": 1, "CPUs": 2}, "1642396661.345345": {"GPUs": 1, "CPUs": 1}, "1642396697.844568": {"GPUs": 1, "CPUs": 1}, "1642396698.845292": {"GPUs": 1, "CPUs": 1}, "1642396701.845149": {"GPUs": 1, "CPUs": 2}, "1642396702.344532": {"GPUs": 1, "CPUs": 2}, "1642396702.844577": {"GPUs": 1, "CPUs": 2}, "1642396728.344567": {"GPUs": 1, "CPUs": 1}, "1642396728.844537": {"GPUs": 1, "CPUs": 1}, "1642396729.344584": {"GPUs": 1, "CPUs": 2}, "1642396729.844561": {"GPUs": 1, "CPUs": 2}, "1642396730.344578": {"GPUs": 1, "CPUs": 2}, "1642396730.84456": {"GPUs": 1, "CPUs": 2}, "1642396731.344557": {"GPUs": 1, "CPUs": 2}, "1642396731.844554": {"GPUs": 1, "CPUs": 2}, "1642396732.344541": {"GPUs": 1, "CPUs": 1}, "1642396732.84458": {"GPUs": 1, "CPUs": 2}, "1642396733.344574": {"GPUs": 1, "CPUs": 2}, "1642396733.844578": {"GPUs": 1, "CPUs": 1}, "1642396734.344553": {"GPUs": 1, "CPUs": 1}, "1642396734.844608": {"GPUs": 1, "CPUs": 1}, "1642396735.344618": {"GPUs": 1, "CPUs": 2}, "1642396735.844592": {"GPUs": 1, "CPUs": 2}, "1642396736.344582": {"GPUs": 1, "CPUs": 3}, "1642396736.844551": {"GPUs": 1, "CPUs": 3}, "1642396737.344589": {"GPUs": 1, "CPUs": 2}, "1642396737.844571": {"GPUs": 1, "CPUs": 2}, "1642396738.34457": {"GPUs": 1, "CPUs": 2}, "1642396738.844604": {"GPUs": 1, "CPUs": 1}, "1642396739.344557": {"GPUs": 1, "CPUs": 2}, "1642396739.844555": {"GPUs": 1, "CPUs": 2}, "1642396740.344564": {"GPUs": 1, "CPUs": 2}, "1642396740.844707": {"GPUs": 1, "CPUs": 3}, "1642396741.344595": {"GPUs": 1, "CPUs": 3}, "1642396741.844565": {"GPUs": 1, "CPUs": 4}, "1642396742.344591": {"GPUs": 1, "CPUs": 3}, "1642396742.844566": {"GPUs": 1, "CPUs": 2}, "1642396743.844549": {"GPUs": 1, "CPUs": 1}, "1642396747.844574": {"GPUs": 1, "CPUs": 2}, "1642396748.34454": {"GPUs": 1, "CPUs": 4}, "1642396748.844599": {"GPUs": 1, "CPUs": 4}, "1642396749.344547": {"GPUs": 1, "CPUs": 4}, "1642396749.844586": {"GPUs": 1, "CPUs": 4}, "1642396750.344591": {"GPUs": 1, "CPUs": 4}, "1642396750.844646": {"GPUs": 1, "CPUs": 4}, "1642396756.344584": {"GPUs": 1, "CPUs": 1}, "1642396756.84529": {"GPUs": 1, "CPUs": 1}, "1642396757.344578": {"GPUs": 1, "CPUs": 3}, "1642396757.844576": {"GPUs": 1, "CPUs": 3}, "1642396758.34459": {"GPUs": 1, "CPUs": 2}, "1642396758.844572": {"GPUs": 1, "CPUs": 2}, "1642396759.344559": {"GPUs": 1, "CPUs": 1}, "1642396759.844607": {"GPUs": 1, "CPUs": 1}, "1642396760.344545": {"GPUs": 1, "CPUs": 1}, "1642396765.844544": {"GPUs": 1, "CPUs": 2}, "1642396766.344568": {"GPUs": 1, "CPUs": 3}, "1642396766.844584": {"GPUs": 1, "CPUs": 3}, "1642396767.344568": {"GPUs": 1, "CPUs": 2}, "1642396767.844535": {"GPUs": 1, "CPUs": 2}, "1642396768.34455": {"GPUs": 1, "CPUs": 2}, "1642396776.344545": {"GPUs": 1, "CPUs": 1}, "1642396776.844577": {"GPUs": 1, "CPUs": 1}, "1642396777.344586": {"GPUs": 1, "CPUs": 2}, "1642396777.844572": {"GPUs": 1, "CPUs": 2}, "1642396778.344568": {"GPUs": 1, "CPUs": 1}, "1642396778.844569": {"GPUs": 1, "CPUs": 1}, "1642396779.344582": {"GPUs": 1, "CPUs": 1}, "1642396779.844563": {"GPUs": 1, "CPUs": 2}, "1642396780.344696": {"GPUs": 1, "CPUs": 2}, "1642396780.844562": {"GPUs": 1, "CPUs": 2}, "1642396781.344594": {"GPUs": 1, "CPUs": 2}, "1642396781.844581": {"GPUs": 1, "CPUs": 3}, "1642396782.344544": {"GPUs": 1, "CPUs": 3}, "1642396782.844594": {"GPUs": 1, "CPUs": 2}, "1642396783.344545": {"GPUs": 1, "CPUs": 1}, "1642396785.844545": {"GPUs": 1, "CPUs": 2}, "1642396786.344565": {"GPUs": 1, "CPUs": 3}, "1642396786.844591": {"GPUs": 1, "CPUs": 2}, "1642396787.344543": {"GPUs": 1, "CPUs": 2}, "1642396787.844591": {"GPUs": 1, "CPUs": 2}, "1642396788.344553": {"GPUs": 1, "CPUs": 2}, "1642396788.844587": {"GPUs": 1, "CPUs": 3}, "1642396789.344594": {"GPUs": 1, "CPUs": 4}, "1642396789.844596": {"GPUs": 1, "CPUs": 4}, "1642396790.344565": {"GPUs": 1, "CPUs": 4}, "1642396790.844561": {"GPUs": 1, "CPUs": 4}, "1642396791.344547": {"GPUs": 1, "CPUs": 3}, "1642396791.844626": {"GPUs": 1, "CPUs": 3}, "1642396792.344669": {"GPUs": 1, "CPUs": 3}, "1642396792.84459": {"GPUs": 1, "CPUs": 3}, "1642396793.344557": {"GPUs": 1, "CPUs": 3}, "1642396793.844575": {"GPUs": 1, "CPUs": 2}, "1642396794.344564": {"GPUs": 1, "CPUs": 4}, "1642396794.844626": {"GPUs": 1, "CPUs": 3}, "1642396795.344596": {"GPUs": 1, "CPUs": 2}, "1642396795.844596": {"GPUs": 1, "CPUs": 3}, "1642396796.344561": {"GPUs": 1, "CPUs": 4}, "1642396796.844597": {"GPUs": 1, "CPUs": 4}, "1642396797.344578": {"GPUs": 1, "CPUs": 3}, "1642396797.844566": {"GPUs": 1, "CPUs": 3},