{"RuleTriggered": 0, "Violations": 0, "Details": {"step_num": {"first": 1642396958640524, "last": 1642397999966048}, "job_start": 1642396559.844523, "job_end": 1642397999.844935}, "Datapoints": 1667, "RuleParameters": "threshold:20"}