{"RuleTriggered": 0, "Violations": 0, "Details": {"step_details": {"algo-1-27": {"step_stats": {"mean": 0.04738727227722772, "max": 3.778314, "p99": 0.04564047000000002, "p95": 0.0373599, "p50": 0.028071, "min": 0.023397}, "number_of_outliers": 1, "phase": "Step:ModeKeys.EVAL", "stddev": 0.26, "probs": [8, 5, 10, 9, 7, 6, 5, 10, 3, 4, 3, 7, 5, 5, 7, 7, 6, 3, 4, 2, 5, 6, 9, 2, 3, 9, 4, 7, 4, 2, 3, 1, 6, 2, 1, 2, 1, 0, 0, 0, 0, 2, 1, 0, 1, 1, 1, 0, 3, 2, 0, 0, 1, 0, 0, 2, 0, 0, 0, 0, 0, 1, 0, 0, 0, 0, 0, 1, 0, 0, 0, 0, 0, 0, 0, 0, 0, 1, 0, 0, 0, 0, 0, 0, 0, 0, 0, 0, 0, 0, 0, 0, 0, 0, 0, 0, 0, 0, 0, 1], "binedges": [0.023397, 0.02368584, 0.02397468, 0.02426352, 0.024552360000000002, 0.0248412, 0.02513004, 0.02541888, 0.02570772, 0.025996560000000002, 0.0262854, 0.026574240000000002, 0.02686308, 0.027151920000000003, 0.02744076, 0.0277296, 0.028018440000000002, 0.02830728, 0.028596120000000003, 0.02888496, 0.0291738, 0.029462640000000002, 0.02975148, 0.030040320000000002, 0.03032916, 0.030618, 0.03090684, 0.031195680000000003, 0.03148452, 0.03177336, 0.0320622, 0.03235104, 0.03263988, 0.03292872, 0.03321756, 0.033506400000000006, 0.033795240000000004, 0.03408408, 0.03437292, 0.03466176, 0.0349506, 0.035239440000000004, 0.03552828, 0.03581712, 0.03610596, 0.036394800000000005, 0.03668364, 0.03697248, 0.03726132, 0.03755016, 0.037839, 0.03812784, 0.03841668, 0.03870552, 0.038994360000000006, 0.039283200000000004, 0.03957204, 0.03986088, 0.04014972, 0.04043856, 0.0407274, 0.04101624, 0.04130508, 0.041593920000000006, 0.041882760000000005, 0.042171600000000004, 0.04246044, 0.04274928, 0.04303812, 0.04332696, 0.0436158, 0.04390464, 0.04419348, 0.044482320000000006, 0.044771160000000004, 0.04506, 0.04534884, 0.04563768, 0.04592652, 0.04621536, 0.0465042, 0.04679304, 0.047081880000000007, 0.047370720000000005, 0.047659560000000004, 0.0479484, 0.04823724, 0.04852608, 0.04881492, 0.04910376, 0.0493926, 0.04968144, 0.049970280000000006, 0.050259120000000004, 0.05054796, 0.0508368, 0.05112564, 0.05141448, 0.05170332, 0.05199216, 0.052281], "step_numbers": ["0"]}}}, "Datapoints": 1667, "RuleParameters": "threshold:3\nmode:None\nn_outliers:10\nstddev:3"}